"id","name","filename"
"song-5aa78406fb28353c551328a7","",""
"song-5aa78406fb28353c551328a8","#5","#5"
"song-5aa78406fb28353c551328a9","1000 Places to See Before You Die","1000placestoseebeforeyoudie"
"song-5aa78406fb28353c551328aa","1348","1348"
"song-5aa78406fb28353c551328ab","13 Days","13days"
"song-5aa78406fb28353c551328ac","1999","1999"
"song-5aa78406fb28353c551328ad","24 Frames","24frames"
"song-5aa78406fb28353c551328ae","2nd Self","2ndself"
"song-5aa78406fb28353c551328af","2x2","2x2"
"song-5aa78406fb28353c551328b0","3AM Dark Dirty Dance Club In Berlin","3amdarkdirtydanceclubinberlin"
"song-5aa78406fb28353c551328b1","40s Theme","40stheme"
"song-5aa78406fb28353c551328b2","46 & 2","46&2"
"song-5aa78406fb28353c551328b3","70s Porn Featuring Stasik","70spornfeaturingstasik"
"song-5aa78406fb28353c551328b4","Africa","africa"
"song-5aa78406fb28353c551328b5","Aint No Fun ","aintnofun"
"song-5aa78406fb28353c551328b6","Aint No Sunshine","aintnosunshine"
"song-5aa78406fb28353c551328b7","Alabama Pines","alabamapines"
"song-5aa78406fb28353c551328b8","Alexs House","alexshouse"
"song-5aa78406fb28353c551328b9","Alien Porno Jam","alienpornojam"
"song-5aa78406fb28353c551328ba","All In Time","allintime"
"song-5aa78406fb28353c551328bb","All Night Long","allnightlong"
"song-5aa78406fb28353c551328bc","All Things Ninja","allthingsninja"
"song-5aa78406fb28353c551328bd","Amble On","ambleon"
"song-5aa78406fb28353c551328be","Am I A Good Man","amiagoodman"
"song-5aa78406fb28353c551328bf","A Mild Sedative","amildsedative"
"song-5aa78406fb28353c551328c0","Anchor Drops","anchordrops"
"song-5aa78406fb28353c551328c1","Andys Last Beer","andyslastbeer"
"song-5aa78406fb28353c551328c2","Another Brick in the Wall","anotherbrickinthewall"
"song-5aa78406fb28353c551328c3","Anytime","anytime"
"song-5aa78406fb28353c551328c4","Around The Horn Intro","aroundthehornintro"
"song-5aa78406fb28353c551328c5","Around The Horn on S2","aroundthehornons2"
"song-5aa78406fb28353c551328c6","A Song of Fire and Ice","asongoffireandice"
"song-5aa78406fb28353c551328c7","At Dawn","atdawn"
"song-5aa78406fb28353c551328c8","Atmosfarag","atmosfarag"
"song-5aa78406fb28353c551328c9","Attachments","attachments"
"song-5aa78406fb28353c551328ca","At The Bottom of Everything","atthebottomofeverything"
"song-5aa78406fb28353c551328cb","Auf Wiedersehen","aufwiedersehen"
"song-5aa78406fb28353c551328cc","August","august"
"song-5aa78406fb28353c551328cd","Auld Lang Syne","auldlangsyne"
"song-5aa78406fb28353c551328ce","Baba ORiley","babaoriley"
"song-5aa78406fb28353c551328cf","Baby Makin Music","babymakinmusic"
"song-5aa78406fb28353c551328d0","Baby Youre A Rich Man","babyyourearichman"
"song-5aa78406fb28353c551328d1","Back In Sexual Healing","backinsexualhealing"
"song-5aa78406fb28353c551328d2","Bad Friday","badfriday"
"song-5aa78406fb28353c551328d3","Bad Poker","badpoker"
"song-5aa78406fb28353c551328d4","Band Intros","bandintros"
"song-5aa78406fb28353c551328d5","Barn Yard Stomp","barnyardstomp"
"song-5aa78406fb28353c551328d6","Barracuda","barracuda"
"song-5aa78406fb28353c551328d7","Barry White Love Letter","barrywhiteloveletter"
"song-5aa78406fb28353c551328d8","Bathing Digits","bathingdigits"
"song-5aa78406fb28353c551328d9","Believe The Lie","believethelie"
"song-5aa78406fb28353c551328da","Bennie and the Jets","bennieandthejets"
"song-5aa78406fb28353c551328db","Big Decisions","bigdecisions"
"song-5aa78406fb28353c551328dc","Bittersweet Symphony","bittersweetsymphony"
"song-5aa78406fb28353c551328dd","Black Messiah","blackmessiah"
"song-5aa78406fb28353c551328de","Black Sabbath","blacksabbath"
"song-5aa78406fb28353c551328df","Black Water","blackwater"
"song-5aa78406fb28353c551328e0","Blue Echo","blueecho"
"song-5aa78406fb28353c551328e1","Bombtrack","bombtrack"
"song-5aa78406fb28353c551328e2","Booth Love","boothlove"
"song-5aa78406fb28353c551328e3","Brain Damage","braindamage"
"song-5aa78406fb28353c551328e4","Breaker","breaker"
"song-5aa78406fb28353c551328e5","Breathe","breathe"
"song-5aa78406fb28353c551328e6","Bridgeless","bridgeless"
"song-5aa78406fb28353c551328e7","Bright Lights Big City","brightlightsbigcity"
"song-5aa78406fb28353c551328e8","Bron-Yr-Aur","bron-yr-aur"
"song-5aa78406fb28353c551328e9","Bullhead City","bullheadcity"
"song-5aa78406fb28353c551328ea","By Your Side","byyourside"
"song-5aa78406fb28353c551328eb","Call to Arms","calltoarms"
"song-5aa78406fb28353c551328ec","Cant You See","cantyousee"
"song-5aa78406fb28353c551328ed","Catshot","catshot"
"song-5aa78406fb28353c551328ee","Cemetery Walk","cemeterywalk"
"song-5aa78406fb28353c551328ef","Cemetery Walk 2","cemeterywalk2"
"song-5aa78406fb28353c551328f0","Chapter 1","chapter1"
"song-5aa78406fb28353c551328f1","Chapter 2","chapter2"
"song-5aa78406fb28353c551328f2","Chapter 3","chapter3"
"song-5aa78406fb28353c551328f3","Chapter 4","chapter4"
"song-5aa78406fb28353c551328f4","Chapter 5","chapter5"
"song-5aa78406fb28353c551328f5","Chapter 6","chapter6"
"song-5aa78406fb28353c551328f6","Chapter 7","chapter7"
"song-5aa78406fb28353c551328f7","Chase Theme","chasetheme"
"song-5aa78406fb28353c551328f8","Cheap Sunglasses","cheapsunglasses"
"song-5aa78406fb28353c551328f9","Cherub Rock","cherubrock"
"song-5aa78406fb28353c551328fa","Children of Children","childrenofchildren"
"song-5aa78406fb28353c551328fb","Christmas In Hollis","christmasinhollis"
"song-5aa78406fb28353c551328fc","Cigarettes Weddings Bands","cigarettesweddingsbands"
"song-5aa78406fb28353c551328fd","Circuital","circuital"
"song-5aa78406fb28353c551328fe","Cobra","cobra"
"song-5aa78406fb28353c551328ff","Codeine","codeine"
"song-5aa78406fb28353c55132900","Come Closer","comecloser"
"song-5aa78406fb28353c55132901","Comfortably Numb","comfortablynumb"
"song-5aa78406fb28353c55132902","Comma Later","commalater"
"song-5aa78406fb28353c55132903","Compliments","compliments"
"song-5aa78406fb28353c55132904","Compound Fracture","compoundfracture"
"song-5aa78406fb28353c55132905","Conduit","conduit"
"song-5aa78406fb28353c55132906","Controversy","controversy"
"song-5aa78406fb28353c55132907","Could You Be Loved","couldyoubeloved"
"song-5aa78406fb28353c55132908","Cover Me Up","covermeup"
"song-5aa78406fb28353c55132909","Crazy Fingers","crazyfingers"
"song-5aa78406fb28353c5513290a","Crucial Taunt","crucialtaunt"
"song-5aa78406fb28353c5513290b","Cruise","cruise"
"song-5aa78406fb28353c5513290c","Cummins Lies","cumminslies"
"song-5aa78406fb28353c5513290d","Cut Off","cutoff"
"song-5aa78406fb28353c5513290e","Cut The Cable","cutthecable"
"song-5aa78406fb28353c5513290f","Daffodils","daffodils"
"song-5aa78406fb28353c55132910","Daft Funk","daftfunk"
"song-5aa78406fb28353c55132911","Dancefloors","dancefloors"
"song-5aa78406fb28353c55132912","Dancing Days","dancingdays"
"song-5aa78406fb28353c55132913","Danke Schon","dankeschon"
"song-5aa78406fb28353c55132914","Danko/Manuel","dankomanuel"
"song-5aa78406fb28353c55132915","Day Nurse","daynurse"
"song-5aa78406fb28353c55132916","Dear Lord","dearlord"
"song-5aa78406fb28353c55132917","Dear Prudence","dearprudence"
"song-5aa78406fb28353c55132918","Decoration Day","decorationday"
"song-5aa78406fb28353c55132919","Deeper","deeper"
"song-5aa78406fb28353c5513291a","Den","den"
"song-5aa78406fb28353c5513291b","Depth Charge","depthcharge"
"song-5aa78406fb28353c5513291c","Der Bluten Kat","derblutenkat"
"song-5aa78406fb28353c5513291d","Dim Sun","dimsun"
"song-5aa78406fb28353c5513291e","Dirty Love","dirtylove"
"song-5aa78406fb28353c5513291f","Disco Ball Drums and Bass","discoballdrumsandbass"
"song-5aa78406fb28353c55132920","Divisions","divisions"
"song-5aa78406fb28353c55132921","Domino Theory","dominotheory"
"song-5aa78406fb28353c55132922","Dondante","dondante"
"song-5aa78406fb28353c55132923","Dont Stop Till You Get Enough","dontstoptillyougetenough"
"song-5aa78406fb28353c55132924","Dont You Forget About Me","dontyouforgetaboutme"
"song-5aa78406fb28353c55132925","Down On The Bottom","downonthebottom"
"song-5aa78406fb28353c55132926","Downtrodden","downtrodden"
"song-5aa78406fb28353c55132927","Draconian","draconian"
"song-5aa78406fb28353c55132928","Dready Zeppelin","dreadyzeppelin"
"song-5aa78406fb28353c55132929","Dress Blues","dressblues"
"song-5aa78406fb28353c5513292a","Dr Feelgood","drfeelgood"
"song-5aa78406fb28353c5513292b","Drink My Drank","drinkmydrank"
"song-5aa78406fb28353c5513292c","Drive","drive"
"song-5aa78406fb28353c5513292d","Driven to Tears","driventotears"
"song-5aa78406fb28353c5513292e","Drums","drums"
"song-5aa78406fb28353c5513292f","Dump City","dumpcity"
"song-5aa78406fb28353c55132930","Easy Morning Rebel","easymorningrebel"
"song-5aa78406fb28353c55132931","Eat","eat"
"song-5aa78406fb28353c55132932","Eclipse","eclipse"
"song-5aa78406fb28353c55132933","Educated Guess","educatedguess"
"song-5aa78406fb28353c55132934","Electric Avenue to Hell","electricavenuetohell"
"song-5aa78406fb28353c55132935","Electric Music","electricmusic"
"song-5aa78406fb28353c55132936","Elephant","elephant"
"song-5aa78406fb28353c55132937","Emergency Dance Party","emergencydanceparty"
"song-5aa78406fb28353c55132938","Emmett Malloy & Danny Clinch Interview","emmettmalloy&dannyclinchinterview"
"song-5aa78406fb28353c55132939","End of the Road","endoftheroad"
"song-5aa78406fb28353c5513293a","ETI","eti"
"song-5aa78406fb28353c5513293b","Evelyn Is Not Real","evelynisnotreal"
"song-5aa78406fb28353c5513293c","Evening Kitchen","eveningkitchen"
"song-5aa78406fb28353c5513293d","Evil Urges","evilurges"
"song-5aa78406fb28353c5513293e","Example 1","example1"
"song-5aa78406fb28353c5513293f","Factory","factory"
"song-5aa78406fb28353c55132940","Fade Into You","fadeintoyou"
"song-5aa78406fb28353c55132941","Fear and Loathing","fearandloathing"
"song-5aa78406fb28353c55132942","Fearless","fearless"
"song-5aa78406fb28353c55132943","Feelin Alright","feelinalright"
"song-5aa78406fb28353c55132944","FF","ff"
"song-5aa78406fb28353c55132945","Final Word","finalword"
"song-5aa78406fb28353c55132946","Fire On The Bayou","fireonthebayou"
"song-5aa78406fb28353c55132947","First Light","firstlight"
"song-5aa78406fb28353c55132948","Flagship","flagship"
"song-5aa78406fb28353c55132949","Flamenco Metal","flamencometal"
"song-5aa78406fb28353c5513294a","Flamethrower","flamethrower"
"song-5aa78406fb28353c5513294b","Flying","flying"
"song-5aa78406fb28353c5513294c","Flying Over Water","flyingoverwater"
"song-5aa78406fb28353c5513294d","Fly Like a Beagle","flylikeabeagle"
"song-5aa78406fb28353c5513294e","Fool in the Rain","foolintherain"
"song-5aa78406fb28353c5513294f","Forks","forks"
"song-5aa78406fb28353c55132950","Forty-Six & 2","forty-six&2"
"song-5aa78406fb28353c55132951","Frankie Zombie","frankiezombie"
"song-5aa78406fb28353c55132952","Frank Zappa-esque Jam","frankzappa-esquejam"
"song-5aa78406fb28353c55132953","Freedom 90","freedom90"
"song-5aa78406fb28353c55132954","Front Porch","frontporch"
"song-5aa78406fb28353c55132955","Full Frontal","fullfrontal"
"song-5aa78406fb28353c55132956","Funk My Godboner","funkmygodboner"
"song-5aa78406fb28353c55132957","Gents","gents"
"song-5aa78406fb28353c55132958","Get In The Van","getinthevan"
"song-5aa78406fb28353c55132959","Get Weird Jazzy Odyssey","getweirdjazzyodyssey"
"song-5aa78406fb28353c5513295a","Gideon","gideon"
"song-5aa78406fb28353c5513295b","Girlfriend is Better","girlfriendisbetter"
"song-5aa78406fb28353c5513295c","Give It To Mama Jama","giveittomamajama"
"song-5aa78406fb28353c5513295d","Glory","glory"
"song-5aa78406fb28353c5513295e","Go It Alone","goitalone"
"song-5aa78406fb28353c5513295f","Golden","golden"
"song-5aa78406fb28353c55132960","Golden Years","goldenyears"
"song-5aa78406fb28353c55132961","Gone For Good","goneforgood"
"song-5aa78406fb28353c55132962","Good Ol Boys","goodolboys"
"song-5aa78406fb28353c55132963","Good Times Are Killing Me","goodtimesarekillingme"
"song-5aa78406fb28353c55132964","Goonville","goonville"
"song-5aa78406fb28353c55132965","Go to Hell","gotohell"
"song-5aa78406fb28353c55132966","Got Your Milk Right Here","gotyourmilkrighthere"
"song-5aa78406fb28353c55132967","Gravitys Real","gravitysreal"
"song-5aa78406fb28353c55132968","Great American ","greatamerican"
"song-5aa78406fb28353c55132969","Gulf Stream","gulfstream"
"song-5aa78406fb28353c5513296a","Gurgle","gurgle"
"song-5aa78406fb28353c5513296b","Hajimemashite","hajimemashite"
"song-5aa78406fb28353c5513296c","Halloween Intro","halloweenintro"
"song-5aa78406fb28353c5513296d","Hangover","hangover"
"song-5aa78406fb28353c5513296e","Hang Up Your Hang Ups","hangupyourhangups"
"song-5aa78406fb28353c5513296f","Happy","happy"
"song-5aa78406fb28353c55132970","Heart and Soul","heartandsoul"
"song-5aa78406fb28353c55132971","Heartbreakin Man","heartbreakinman"
"song-5aa78406fb28353c55132972","Helter Skelter","helterskelter"
"song-5aa78406fb28353c55132973","Hey Nineteen","heynineteen"
"song-5aa78406fb28353c55132974","Higgins","higgins"
"song-5aa78406fb28353c55132975","Highly Suspicious","highlysuspicious"
"song-5aa78406fb28353c55132976","Hindsight","hindsight"
"song-5aa78406fb28353c55132977","Holdin On to Black Metal","holdinontoblackmetal"
"song-5aa78406fb28353c55132978","Hollywood Nights","hollywoodnights"
"song-5aa78406fb28353c55132979","Honest Man","honestman"
"song-5aa78406fb28353c5513297a","Honky Tonk Woman","honkytonkwoman"
"song-5aa78406fb28353c5513297b","Hot for Teacher","hotforteacher"
"song-5aa78406fb28353c5513297c","Hourglass","hourglass"
"song-5aa78406fb28353c5513297d","How To Forget","howtoforget"
"song-5aa78406fb28353c5513297e","Hudson Commodore","hudsoncommodore"
"song-5aa78406fb28353c5513297f","Hurt Bird Bath","hurtbirdbath"
"song-5aa78406fb28353c55132980","I Am the Walrus","iamthewalrus"
"song-5aa78406fb28353c55132981","I Cant Go For That","icantgoforthat"
"song-5aa78406fb28353c55132982","I Can't Go For That (No)","icantgoforthat(no)"
"song-5aa78406fb28353c55132983","I Cant Rock My Dream Face","icantrockmydreamface"
"song-5aa78406fb28353c55132984","If It Takes A Lifetime","ifittakesalifetime"
"song-5aa78406fb28353c55132985","Ignition","ignition"
"song-5aa78406fb28353c55132986","I Got You I Feel Good","igotyouifeelgood"
"song-5aa78406fb28353c55132987","I'm Amazed","imamazed"
"song-5aa78406fb28353c55132988","Immigrant Song","immigrantsong"
"song-5aa78406fb28353c55132989","I'm On Fire","imonfire"
"song-5aa78406fb28353c5513298a","Improv 1","improv1"
"song-5aa78406fb28353c5513298b","Improv 10","improv10"
"song-5aa78406fb28353c5513298c","Improv 3","improv3"
"song-5aa78406fb28353c5513298d","Improv 4","improv4"
"song-5aa78406fb28353c5513298e","Improv 5","improv5"
"song-5aa78406fb28353c5513298f","Improv 6","improv6"
"song-5aa78406fb28353c55132990","Improv 7","improv7"
"song-5aa78406fb28353c55132991","Improv 8","improv8"
"song-5aa78406fb28353c55132992","Improv 9","improv9"
"song-5aa78406fb28353c55132993","Imrpov 2","imrpov2"
"song-5aa78406fb28353c55132994","In A Silent Way","inasilentway"
"song-5aa78406fb28353c55132995","In Bloom","inbloom"
"song-5aa78406fb28353c55132996","Intentions Clear","intentionsclear"
"song-5aa78406fb28353c55132997","In The Black","intheblack"
"song-5aa78406fb28353c55132998","In The Flesh","intheflesh"
"song-5aa78406fb28353c55132999","In the Hall of the Mountain King","inthehallofthemountainking"
"song-5aa78406fb28353c5513299a","In The Kitchen","inthekitchen"
"song-5aa78406fb28353c5513299b","I Ran","iran"
"song-5aa78406fb28353c5513299c","Islands On The Coast","islandsonthecoast"
"song-5aa78406fb28353c5513299d","Is There A Ghost","isthereaghost"
"song-5aa78406fb28353c5513299e","It Beats 4 U","itbeats4u"
"song-5aa78406fb28353c5513299f","I Think I'm Going to Hell","ithinkimgoingtohell"
"song-5aa78406fb28353c551329a0","Its About That Time","itsaboutthattime"
"song-5aa78406fb28353c551329a1","It's the End of the World as We Know It","itstheendoftheworldasweknowit"
"song-5aa78406fb28353c551329a2","I Wanna Be Your Lover","iwannabeyourlover"
"song-5aa78406fb28353c551329a3","I Want a New Drug","iwantanewdrug"
"song-5aa78406fb28353c551329a4","I Want You Shes So Heavy","iwantyoushessoheavy"
"song-5aa78406fb28353c551329a5","I Will Be There When You Die","iwillbetherewhenyoudie"
"song-5aa78406fb28353c551329a6","JaJunk","jajunk"
"song-5aa78406fb28353c551329a7","James Brown Revival","jamesbrownrevival"
"song-5aa78406fb28353c551329a8","Jekyll & Hyde","jekyll&hyde"
"song-5aa78406fb28353c551329a9","Jessica","jessica"
"song-5aa78406fb28353c551329aa","Join Together","jointogether"
"song-5aa78406fb28353c551329ab","Jumpin Jack Wedding Party All the Time","jumpinjackweddingpartyallthetime"
"song-5aa78406fb28353c551329ac","Just What I Needed","justwhatineeded"
"song-5aa78406fb28353c551329ad","Kabump","kabump"
"song-5aa78406fb28353c551329ae","Kashmir","kashmir"
"song-5aa78406fb28353c551329af","Kid Charlemagne","kidcharlemagne"
"song-5aa78406fb28353c551329b0","Kielbasa","kielbasa"
"song-5aa78406fb28353c551329b1","Kimble","kimble"
"song-5aa78406fb28353c551329b2","Knock Knock","knockknock"
"song-5aa78406fb28353c551329b3","Kula","kula"
"song-5aa78406fb28353c551329b4","Laredo","laredo"
"song-5aa78406fb28353c551329b5","Last Call","lastcall"
"song-5aa78406fb28353c551329b6","Last Man Swerving","lastmanswerving"
"song-5aa78406fb28353c551329b7","Last Train Home","lasttrainhome"
"song-5aa78406fb28353c551329b8","Late in the Evening","lateintheevening"
"song-5aa78406fb28353c551329b9","Layla","layla"
"song-5aa78406fb28353c551329ba","Lay Low","laylow"
"song-5aa78406fb28353c551329bb","Le Blitz","leblitz"
"song-5aa78406fb28353c551329bc","Led Boots","ledboots"
"song-5aa78406fb28353c551329bd","Lenny","lenny"
"song-5aa78406fb28353c551329be","Lets Dance","letsdance"
"song-5aa78406fb28353c551329bf","Let's Go Crazy","letsgocrazy"
"song-5aa78406fb28353c551329c0","Liberty Echo","libertyecho"
"song-5aa78406fb28353c551329c1","Life During Exodus","lifeduringexodus"
"song-5aa78406fb28353c551329c2","Liquid","liquid"
"song-5aa78406fb28353c551329c3","Little Gift","littlegift"
"song-5aa78406fb28353c551329c4","Little Red Corvette","littleredcorvette"
"song-5aa78406fb28353c551329c5","Live and Let Die","liveandletdie"
"song-5aa78406fb28353c551329c6","Lively Up Yourself","livelyupyourself"
"song-5aa78406fb28353c551329c7","Living In America","livinginamerica"
"song-5aa78406fb28353c551329c8","London Dungeon","londondungeon"
"song-5aa78406fb28353c551329c9","Loose Ends","looseends"
"song-5aa78406fb28353c551329ca","Lord Bail Ship","lordbailship"
"song-5aa78406fb28353c551329cb","Lowdown","lowdown"
"song-5aa78406fb28353c551329cc","Lucid State","lucidstate"
"song-5aa78406fb28353c551329cd","Luckenbach Texas","luckenbachtexas"
"song-5aa78406fb28353c551329ce","Made to Measure","madetomeasure"
"song-5aa78406fb28353c551329cf","Mad Love","madlove"
"song-5aa78406fb28353c551329d0","Mahgeetah","mahgeetah"
"song-5aa78406fb28353c551329d1","Mail Package","mailpackage"
"song-5aa78406fb28353c551329d2","Make It Right","makeitright"
"song-5aa78406fb28353c551329d3","Making Flippy Floppy","makingflippyfloppy"
"song-5aa78406fb28353c551329d4","Mamas Don't Let Your Babies Grow Up to Be Cowboys","mamasdontletyourbabiesgrowuptobecowboys"
"song-5aa78406fb28353c551329d5","Mamu","mamu"
"song-5aa78406fb28353c551329d6","Mantis","mantis"
"song-5aa78406fb28353c551329d7","Mantis Ghetts","mantisghetts"
"song-5aa78406fb28353c551329d8","Master Plan","masterplan"
"song-5aa78406fb28353c551329d9","Meeting in the Aisle","meetingintheaisle"
"song-5aa78406fb28353c551329da","Memories Of Home","memoriesofhome"
"song-5aa78406fb28353c551329db","Miami Virtue","miamivirtue"
"song-5aa78406fb28353c551329dc","Miss Tinkle's Overture","misstinklesoverture"
"song-5aa78406fb28353c551329dd","Monster","monster"
"song-5aa78406fb28353c551329de","Morning Song","morningsong"
"song-5aa78406fb28353c551329df","Mother","mother"
"song-5aa78406fb28353c551329e0","Much Obliged","muchobliged"
"song-5aa78406fb28353c551329e1","Muffin Man","muffinman"
"song-5aa78406fb28353c551329e2","Mulches Odyssey","mulchesodyssey"
"song-5aa78406fb28353c551329e3","Mullet Over","mulletover"
"song-5aa78406fb28353c551329e4","Muscle Shoals Nitty Gritty","muscleshoalsnittygritty"
"song-5aa78406fb28353c551329e5","My Babe","mybabe"
"song-5aa78406fb28353c551329e6","National Loser Anthem","nationalloseranthem"
"song-5aa78406fb28353c551329e7","Nemo","nemo"
"song-5aa78406fb28353c551329e8","Never Gonna Change","nevergonnachange"
"song-5aa78406fb28353c551329e9","Night Moves","nightmoves"
"song-5aa78406fb28353c551329ea","Night Nurse","nightnurse"
"song-5aa78406fb28353c551329eb","Nipple Trix","nippletrix"
"song-5aa78406fb28353c551329ec","No Comment","nocomment"
"song-5aa78406fb28353c551329ed","No Diablo","nodiablo"
"song-5aa78406fb28353c551329ee","No More Tears","nomoretears"
"song-5aa78406fb28353c551329ef","Non-Compliance","non-compliance"
"song-5aa78406fb28353c551329f0","No Ones Gonna Love You","noonesgonnaloveyou"
"song-5aa78406fb28353c551329f1","No Ordinary Love","noordinarylove"
"song-5aa78406fb28353c551329f2","Nopener","nopener"
"song-5aa78406fb28353c551329f3","North Route","northroute"
"song-5aa78406fb28353c551329f4","Nothing To It","nothingtoit"
"song-5aa78406fb28353c551329f5","Nothing Too Fancy","nothingtoofancy"
"song-5aa78406fb28353c551329f6","Nuthin But A G Thang","nuthinbutagthang"
"song-5aa78406fb28353c551329f7","NW APT.","nwapt."
"song-5aa78406fb28353c551329f8","NYE Announcement","nyeannouncement"
"song-5aa78406fb28353c551329f9","Ocean Billy","oceanbilly"
"song-5aa78406fb28353c551329fa","October Rain","octoberrain"
"song-5aa78406fb28353c551329fb","Ode To LRC","odetolrc"
"song-5aa78406fb28353c551329fc","Off The Record","offtherecord"
"song-5aa78406fb28353c551329fd","One Big Holiday","onebigholiday"
"song-5aa78406fb28353c551329fe","One More Wicked Cruel Summer","onemorewickedcruelsummer"
"song-5aa78406fb28353c551329ff","Only Memories Remain","onlymemoriesremain"
"song-5aa78406fb28353c55132a00","Only Robots Allowed","onlyrobotsallowed"
"song-5aa78406fb28353c55132a01","Onward & Upward","onward&upward"
"song-5aa78406fb28353c55132a02","Ophelia","ophelia"
"song-5aa78406fb28353c55132a03","Opium Sunrise","opiumsunrise"
"song-5aa78406fb28353c55132a04","Orfeo","orfeo"
"song-5aa78406fb28353c55132a05","Outfit","outfit"
"song-5aa78406fb28353c55132a06","Out of Order","outoforder"
"song-5aa78406fb28353c55132a07","Outta My System","outtamysystem"
"song-5aa78406fb28353c55132a08","Padgetts Profile","padgettsprofile"
"song-5aa78406fb28353c55132a09","Palmetto Rose","palmettorose"
"song-5aa78406fb28353c55132a0a","Partyin Peeps","partyinpeeps"
"song-5aa78406fb28353c55132a0b","Passing","passing"
"song-5aa78406fb28353c55132a0c","Patriotic UM","patrioticum"
"song-5aa78406fb28353c55132a0d","Pay the Snucka","paythesnucka"
"song-5aa78406fb28353c55132a0e","Phils Farm","philsfarm"
"song-5aa78406fb28353c55132a0f","Phone Went West","phonewentwest"
"song-5aa78406fb28353c55132a10","Piranhas","piranhas"
"song-5aa78406fb28353c55132a11","Plunger","plunger"
"song-5aa78406fb28353c55132a12","Pooh Doggie","poohdoggie"
"song-5aa78406fb28353c55132a13","Power of Soul","powerofsoul"
"song-5aa78406fb28353c55132a14","Preamble","preamble"
"song-5aa78406fb28353c55132a15","Professor Wormbog","professorwormbog"
"song-5aa78406fb28353c55132a16","Proverbial","proverbial"
"song-5aa78406fb28353c55132a17","Prowler","prowler"
"song-5aa78406fb28353c55132a18","Puppet String","puppetstring"
"song-5aa78406fb28353c55132a19","Push the Pig","pushthepig"
"song-5aa78406fb28353c55132a1a","Rainy Day Women #12 &35","rainydaywomen#12&35"
"song-5aa78406fb28353c55132a1b","Raspberry Beret","raspberryberet"
"song-5aa78406fb28353c55132a1c","Rebubula","rebubula"
"song-5aa78406fb28353c55132a1d","Red","red"
"song-5aa78406fb28353c55132a1e","Red Barchetta","redbarchetta"
"song-5aa78406fb28353c55132a1f","Red Tape","redtape"
"song-5aa78406fb28353c55132a20","Reelin In The Years","reelinintheyears"
"song-5aa78406fb28353c55132a21","Regulate","regulate"
"song-5aa78406fb28353c55132a22","Relatively Easy","relativelyeasy"
"song-5aa78406fb28353c55132a23","Release","release"
"song-5aa78406fb28353c55132a24","Remind Me","remindme"
"song-5aa78406fb28353c55132a25","Resolution","resolution"
"song-5aa78406fb28353c55132a26","Ride Like The Wind","ridelikethewind"
"song-5aa78406fb28353c55132a27","Ride On Pony","rideonpony"
"song-5aa78406fb28353c55132a28","Ringo","ringo"
"song-5aa78406fb28353c55132a29","Robot World","robotworld"
"song-5aa78406fb28353c55132a2a","Rock & Roll","rock&roll"
"song-5aa78406fb28353c55132a2b","Rockabilly Throwdown","rockabillythrowdown"
"song-5aa78406fb28353c55132a2c","Rocker","rocker"
"song-5aa78406fb28353c55132a2d","Rocker Part 2","rockerpart2"
"song-5aa78406fb28353c55132a2e","Rock the Casbah","rockthecasbah"
"song-5aa78406fb28353c55132a2f","Roctopus","roctopus"
"song-5aa78406fb28353c55132a30","Room to Breathe","roomtobreathe"
"song-5aa78406fb28353c55132a31","Rosanna","rosanna"
"song-5aa78406fb28353c55132a32","Roulette","roulette"
"song-5aa78406fb28353c55132a33","Roundabout","roundabout"
"song-5aa78406fb28353c55132a34","Royally Feel Like Driftin Away","royallyfeellikedriftinaway"
"song-5aa78406fb28353c55132a35","Running Down a Dream","runningdownadream"
"song-5aa78406fb28353c55132a36","Run Thru","runthru"
"song-5aa78406fb28353c55132a37","Search 4","search4"
"song-5aa78406fb28353c55132a38","Senor Mouse","senormouse"
"song-5aa78406fb28353c55132a39","She Came In Through The Bathroom Window","shecameinthroughthebathroomwindow"
"song-5aa78406fb28353c55132a3a","Shine On You Crazy Diamond","shineonyoucrazydiamond"
"song-5aa78406fb28353c55132a3b","Showdown","showdown"
"song-5aa78406fb28353c55132a3c","Similar Skin","similarskin"
"song-5aa78406fb28353c55132a3d","Skin The Cat","skinthecat"
"song-5aa78406fb28353c55132a3e","Slacker","slacker"
"song-5aa78406fb28353c55132a3f","Sledgehammer","sledgehammer"
"song-5aa78406fb28353c55132a40","Slow Slow Tune","slowslowtune"
"song-5aa78406fb28353c55132a41","Sludge & Death","sludge&death"
"song-5aa78406fb28353c55132a42","Smell the Mitten","smellthemitten"
"song-5aa78406fb28353c55132a43","Smokin' From Shootin'","smokinfromshootin"
"song-5aa78406fb28353c55132a44","Soaring Uplifting Jam Part 3","soaringupliftingjampart3"
"song-5aa78406fb28353c55132a45","Sociable Jimmy","sociablejimmy"
"song-5aa78406fb28353c55132a46","Something More Than Free","somethingmorethanfree"
"song-5aa78406fb28353c55132a47","Soul Food I","soulfoodi"
"song-5aa78406fb28353c55132a48","Soul Food II","soulfoodii"
"song-5aa78406fb28353c55132a49","Soul Food III","soulfoodiii"
"song-5aa78406fb28353c55132a4a","Southern Cross","southerncross"
"song-5aa78406fb28353c55132a4b","So You Think I'm Funky","soyouthinkimfunky"
"song-5aa78406fb28353c55132a4c","Space Funk Booty","spacefunkbooty"
"song-5aa78406fb28353c55132a4d","Speak Up","speakup"
"song-5aa78406fb28353c55132a4e","Speed Trap Town","speedtraptown"
"song-5aa78406fb28353c55132a4f","Spires","spires"
"song-5aa78406fb28353c55132a50","St. Augustine","st.augustine"
"song-5aa78406fb28353c55132a51","Stanton","stanton"
"song-5aa78406fb28353c55132a52","Steam Engine","steamengine"
"song-5aa78406fb28353c55132a53","Steppin Razor","steppinrazor"
"song-5aa78406fb28353c55132a54","Stinkos Ascension","stinkosascension"
"song-5aa78406fb28353c55132a55","Stir It Up","stiritup"
"song-5aa78406fb28353c55132a56","Stockholm","stockholm"
"song-5aa78406fb28353c55132a57","Storm Windows","stormwindows"
"song-5aa78406fb28353c55132a58","Strangletage","strangletage"
"song-5aa78406fb28353c55132a59","Super 8","super8"
"song-5aa78406fb28353c55132a5a","Susanah","susanah"
"song-5aa78406fb28353c55132a5b","Sweet Jane","sweetjane"
"song-5aa78406fb28353c55132a5c","Sweetness","sweetness"
"song-5aa78406fb28353c55132a5d","Swingers Lounge Music","swingersloungemusic"
"song-5aa78406fb28353c55132a5e","Syncopated Strangers","syncopatedstrangers"
"song-5aa78406fb28353c55132a5f","Tango Mike","tangomike"
"song-5aa78406fb28353c55132a60","Tempted","tempted"
"song-5aa78406fb28353c55132a61","Thats All","thatsall"
"song-5aa78406fb28353c55132a62","Thats the Way","thatstheway"
"song-5aa78406fb28353c55132a63","The Bottom Half","thebottomhalf"
"song-5aa78406fb28353c55132a64","The Crooked One","thecrookedone"
"song-5aa78406fb28353c55132a65","The Dark","thedark"
"song-5aa78406fb28353c55132a66","The Ends Not Near","theendsnotnear"
"song-5aa78406fb28353c55132a67","The First Song","thefirstsong"
"song-5aa78406fb28353c55132a68","The Floor","thefloor"
"song-5aa78406fb28353c55132a69","The Funeral","thefuneral"
"song-5aa78406fb28353c55132a6a","The Fussy Dutchman","thefussydutchman"
"song-5aa78406fb28353c55132a6b","The Fuzz","thefuzz"
"song-5aa78406fb28353c55132a6c","The General Specific","thegeneralspecific"
"song-5aa78406fb28353c55132a6d","The Great Salt Lake","thegreatsaltlake"
"song-5aa78406fb28353c55132a6e","The Haunt","thehaunt"
"song-5aa78406fb28353c55132a6f","The Life You Chose","thelifeyouchose"
"song-5aa78406fb28353c55132a70","The Linear","thelinear"
"song-5aa78406fb28353c55132a71","The Message","themessage"
"song-5aa78406fb28353c55132a72","The National Anthem","thenationalanthem"
"song-5aa78406fb28353c55132a73","The Night They Drove Old Dixie Down","thenighttheydroveolddixiedown"
"song-5aa78406fb28353c55132a74","The Other Side of Things","theothersideofthings"
"song-5aa78406fb28353c55132a75","The Pequod","thepequod"
"song-5aa78406fb28353c55132a76","Theres No Crying In Mexico","theresnocryinginmexico"
"song-5aa78406fb28353c55132a77","The Song Remains the Same","thesongremainsthesame"
"song-5aa78406fb28353c55132a78","The Triple Wide","thetriplewide"
"song-5aa78406fb28353c55132a79","The Trooper","thetrooper"
"song-5aa78406fb28353c55132a7a","The Way That He Sings","thewaythathesings"
"song-5aa78406fb28353c55132a7b","The Weight Around","theweightaround"
"song-5aa78406fb28353c55132a7c","Thin Air","thinair"
"song-5aa78406fb28353c55132a7d","Thunderstruck","thunderstruck"
"song-5aa78406fb28353c55132a7e","Time","time"
"song-5aa78406fb28353c55132a7f","To A Band That I Loved","toabandthatiloved"
"song-5aa78406fb28353c55132a80","Tom Sawyer","tomsawyer"
"song-5aa78406fb28353c55132a81","Tonite I Want to Celebrate With You","toniteiwanttocelebratewithyou"
"song-5aa78406fb28353c55132a82","Touch Me I'm Going to Scream Pt. 1","touchmeimgoingtoscreampt.1"
"song-5aa78406fb28353c55132a83","Touch Me I'm Going to Scream Pt. 2","touchmeimgoingtoscreampt.2"
"song-5aa78406fb28353c55132a84","Transdermal Celebration","transdermalcelebration"
"song-5aa78406fb28353c55132a85","Traveling Alone","travelingalone"
"song-5aa78406fb28353c55132a86","Treacherous Cretins","treacherouscretins"
"song-5aa78406fb28353c55132a87","Trenchtown Rock","trenchtownrock"
"song-5aa78406fb28353c55132a88","Tribute to the Spinal Shaft","tributetothespinalshaft"
"song-5aa78406fb28353c55132a89","Turn & Dub","turn&dub"
"song-5aa78406fb28353c55132a8a","Turn & Run","turn&run"
"song-5aa78406fb28353c55132a8b","Twist and Shout","twistandshout"
"song-5aa78406fb28353c55132a8c","Umphrey's McGee plays Frank Zappa","umphreysmcgeeplaysfrankzappa"
"song-5aa78406fb28353c55132a8d","Uncle Wally","unclewally"
"song-5aa78406fb28353c55132a8e","Uncommon","uncommon"
"song-5aa78406fb28353c55132a8f","Unskinny Bop","unskinnybop"
"song-5aa78406fb28353c55132a90","Until We Meet Again","untilwemeetagain"
"song-5aa78406fb28353c55132a91","Upward","upward"
"song-5aa78406fb28353c55132a92","Utopian Fir","utopianfir"
"song-5aa78406fb28353c55132a93","Victory Dance","victorydance"
"song-5aa78406fb28353c55132a94","Video 1","video1"
"song-5aa78406fb28353c55132a95","Video 2","video2"
"song-5aa78406fb28353c55132a96","Video 3","video3"
"song-5aa78406fb28353c55132a97","Video 4","video4"
"song-5aa78406fb28353c55132a98","Visions","visions"
"song-5aa78406fb28353c55132a99","Voodoo Lady","voodoolady"
"song-5aa78406fb28353c55132a9a","Waiting Room","waitingroom"
"song-5aa78406fb28353c55132a9b","Walk the Proud Land","walktheproudland"
"song-5aa78406fb28353c55132a9c","Walk This Sweet Funk Emotion","walkthissweetfunkemotion"
"song-5aa78406fb28353c55132a9d","Walletsworth","walletsworth"
"song-5aa78406fb28353c55132a9e","Wappy Sprayberry","wappysprayberry"
"song-5aa78406fb28353c55132a9f","War Begun","warbegun"
"song-5aa78406fb28353c55132aa0","War Pigs","warpigs"
"song-5aa78406fb28353c55132aa1","Water","water"
"song-5aa78406fb28353c55132aa2","Weed Party","weedparty"
"song-5aa78406fb28353c55132aa3","Weird Fishes/Arpeggi","weirdfishesarpeggi"
"song-5aa78406fb28353c55132aa4","Wellwishers","wellwishers"
"song-5aa78406fb28353c55132aa5","What A Wonderful Man","whatawonderfulman"
"song-5aa78406fb28353c55132aa6","When Doves Cry","whendovescry"
"song-5aa78406fb28353c55132aa7","When the World Is Running Down You Make the Best of What's Still Around","whentheworldisrunningdownyoumakethebestofwhatsstillaround"
"song-5aa78406fb28353c55132aa8","Where Is My Mind?","whereismymind?"
"song-5aa78406fb28353c55132aa9","White Mans Moccasins","whitemansmoccasins"
"song-5aa78406fb28353c55132aaa","White Room","whiteroom"
"song-5aa78406fb28353c55132aab","Wicked Game","wickedgame"
"song-5aa78406fb28353c55132aac","Wicked Gil","wickedgil"
"song-5aa78406fb28353c55132aad","Wife Soup","wifesoup"
"song-5aa78406fb28353c55132aae","Wish","wish"
"song-5aa78406fb28353c55132aaf","Wizard Burial Ground","wizardburialground"
"song-5aa78406fb28353c55132ab0","Women Wine and Song","womenwineandsong"
"song-5aa78406fb28353c55132ab1","Wonderful (The Way I Feel)","wonderful(thewayifeel)"
"song-5aa78406fb28353c55132ab2","Wordless Chorus","wordlesschorus"
"song-5aa78406fb28353c55132ab3","Words","words"
"song-5aa78406fb28353c55132ab4","X-Mas Curtain","x-mascurtain"
"song-5aa78406fb28353c55132ab5","Yoga Pants","yogapants"
"song-5aa78406fb28353c55132ab6","You Got The Wrong Guy","yougotthewrongguy"
"song-5aa78406fb28353c55132ab7","Young Lust","younglust"
"song-5aa78406fb28353c55132ab8","YYZ","yyz"
